CodigoCliente,TipoPersona,Edad,TasaEOL,TasaIUS,DebitoAutomatico,Score,NameTema,IdTema,IdSubtema,NameBehaviour,IdBehaviour,suscripcion_1,suscripcion_2,suscripcion_3,suscripcion_4,suscripcion_5,suscripcion_6,suscripcion_7,suscripcion_8,suscripcion_9,suscripcion_10,suscripcion_11,suscripcion_12,suscripcion_13,suscripcion_14
301180,1,0,15,0,0,9.0,EOL,1,121,Legislacion,89000,ENC. TRIB. CLASICA EOL,0,0,0,0,0,0,0,0,0,0,0,0,0
301180,1,0,15,0,0,9.0,EOL,1,121,Legislacion,89000,ENC. TRIB. CLASICA EOL,0,0,0,0,0,0,0,0,0,0,0,0,0
301180,1,0,15,0,0,9.0,EOL,1,121,Legislacion,89000,ENC. TRIB. CLASICA EOL,0,0,0,0,0,0,0,0,0,0,0,0,0
301180,1,0,15,0,0,9.0,EOL,1,121,Legislacion,89000,ENC. TRIB. CLASICA EOL,0,0,0,0,0,0,0,0,0,0,0,0,0
301180,1,0,15,0,0,9.0,EOL,1,121,Legislacion,89000,ENC. TRIB. CLASICA EOL,0,0,0,0,0,0,0,0,0,0,0,0,0
301180,1,0,15,0,0,9.0,EOL,1,10,EOL,17,ENC. TRIB. CLASICA EOL,0,0,0,0,0,0,0,0,0,0,0,0,0
301180,1,0,15,0,0,9.0,EOL,1,10,EOL,17,ENC. TRIB. CLASICA EOL,0,0,0,0,0,0,0,0,0,0,0,0,0
301180,1,0,15,0,0,9.0,EOL,1,10,EOL,17,ENC. TRIB. CLASICA EOL,0,0,0,0,0,0,0,0,0,0,0,0,0
301180,1,0,15,0,0,9.0,EOL,1,10,EOL,17,ENC. TRIB. CLASICA EOL,0,0,0,0,0,0,0,0,0,0,0,0,0
301180,1,0,15,0,0,9.0,EOL,1,10,EOL,17,ENC. TRIB. CLASICA EOL,0,0,0,0,0,0,0,0,0,0,0,0,0
301180,1,0,15,0,0,9.0,IUS,4,121,Doctrina,89001,ENC. TRIB. CLASICA EOL,0,0,0,0,0,0,0,0,0,0,0,0,0
301180,1,0,15,0,0,9.0,IUS,4,121,Doctrina,89001,ENC. TRIB. CLASICA EOL,0,0,0,0,0,0,0,0,0,0,0,0,0
301180,1,0,15,0,0,9.0,EOL,1,121,Otro tipo de contenido,10,ENC. TRIB. CLASICA EOL,0,0,0,0,0,0,0,0,0,0,0,0,0
301180,1,0,15,0,0,9.0,EOL,1,121,Administrativa,13,ENC. TRIB. CLASICA EOL,0,0,0,0,0,0,0,0,0,0,0,0,0
301214,0,57,15,0,1,9.0,EOL,1,10,EOL,17,ENC. TRIB. CLASICA PAPEL- 13 T.,0,0,0,0,0,0,0,0,0,0,0,0,0
301214,0,57,15,0,1,9.0,EOL,1,10,EOL,17,ENC. TRIB. CLASICA PAPEL- 13 T.,0,0,0,0,0,0,0,0,0,0,0,0,0
301214,0,57,15,0,1,9.0,EOL,1,10,EOL,17,ENC. TRIB. CLASICA PAPEL- 13 T.,0,0,0,0,0,0,0,0,0,0,0,0,0
301214,0,57,15,0,1,9.0,EOL,1,10,EOL,17,ENC. TRIB. CLASICA PAPEL- 13 T.,0,0,0,0,0,0,0,0,0,0,0,0,0
301214,0,57,15,0,1,9.0,EOL,1,10,EOL,17,ENC. TRIB. CLASICA PAPEL- 13 T.,0,0,0,0,0,0,0,0,0,0,0,0,0
301214,0,57,15,0,1,9.0,EOL,1,10,EOL,17,ENC. TRIB. CLASICA PAPEL- 13 T.,0,0,0,0,0,0,0,0,0,0,0,0,0
